id,fullname,email,password,img_profile
1,John Doe,john.doe@example.com,123456,johndoe.jpg
2,Jane Smith,jane.smith@example.com,abcdef,janesmith.jpg
3,Bob Johnson,bob.johnson@example.com,654321,bobjohnson.jpg
4,Alice Brown,alice.brown@example.com,abcdefg,alicebrown.jpg
5,Charlie Davis,charlie.davis@example.com,password123,charliedavis.jpg
6,Emma Wilson,emma.wilson@example.com,123abc,emmawilson.jpg
7,Liam Miller,liam.miller@example.com,qwerty,liammiller.jpg
8,Olivia Moore,olivia.moore@example.com,abc123,oliviamoore.jpg
9,Noah Taylor,noah.taylor@example.com,1234567,noahtaylor.jpg
10,Sophia Anderson,sophia.anderson@example.com,password1,sophiaanderson.jpg
